url,Author,Title,Date,date_clean
https://www.texastribune.org/2018/09/15/donald-trump-endorses-dallas-congressman-pete-sessions-re-election/,PATRICK SVITEK,Trump endorses Dallas congressman Pete Sessions for re-election,"SEPT. 15, 2018",2018-09-15
https://www.texastribune.org/2018/09/13/texas-senate-republican-supermajority/,ALEX SAMUELS,"With a supermajority, Republicans have complete control of the Texas Senate. That's at risk this election cycle.","SEPT. 13, 2018",2018-09-13
https://www.texastribune.org/2018/09/12/statewide-judicial-elections-federal-judge-upholds-partisan/,ALEXA URA,Federal judge upholds Texas' partisan statewide judicial elections system,"SEPT. 12, 2018",2018-09-12
https://www.texastribune.org/2018/09/11/democrat-henry-cuellar-fundraising-republican-john-carter/,ABBY LIVINGSTON,"In the U.S. House, Democrat Henry Cuellar raises eyebrows by fundraising for Republican John Carter","SEPT. 11, 2018",2018-09-11
https://www.texastribune.org/2018/09/08/trump-official-ted-cruz-lose-beto-o-rourke/,JOLIE MCCULLOUGH,Report: Trump official says U.S. Sen. Ted Cruz could lose to U.S. Rep. Beto O'Rourke,"SEPT. 8, 2018",2018-09-08
https://www.texastribune.org/2018/09/14/ted-cruz-beto-orourke-agree-3-debates/,PATRICK SVITEK,"Cruz, O'Rourke agree to 3 debates","SEPT. 14, 2018",2018-09-14
https://www.texastribune.org/2018/08/31/john-carter-mj-hegar-2018/,ABBY LIVINGSTON,U.S. Rep. John Carter prepares for tougher-than-usual race against MJ Hegar,"AUG. 31, 2018",2018-08-31
https://www.texastribune.org/2018/09/08/ted-cruz-beto-orourke-kick-jumpstart-post-labor-day-campaigns-harris-c/,PATRICK SVITEK,"Cruz, O'Rourke rev up post-Labor Day campaigns in battleground Harris County","SEPT. 8, 2018",2018-09-08
https://www.texastribune.org/2018/09/07/will-hurd-gina-ortiz-jones/,ALANA ROCHA,"Meet U.S. Rep. Will Hurd and his Democratic challenger, Gina Ortiz Jones","SEPT. 7, 2018",2018-09-07
https://www.texastribune.org/2018/09/06/democrats-dallas-2018-battleground-texas-house/,CASSANDRA POLLOCK,Democrats are turning Dallas into a midterm battleground for the Texas House,"SEPT. 6, 2018",2018-09-06
https://www.texastribune.org/2018/09/06/orourke-texts-immigrants/,PATRICK SVITEK,"O'Rourke campaign: ""Impostor"" responsible for texts about helping undocumented immigrants vote","SEPT. 6, 2018",2018-09-06
https://www.texastribune.org/2018/09/07/ted-cruz-slams-beto-orourke-PAC-fundraiser/,ABBY LIVINGSTON,Ted Cruz campaign criticizes Beto O'Rourke for co-hosting fundraiser with PAC,"SEPT. 7, 2018",2018-09-07
https://www.texastribune.org/2018/09/12/border-patrol-apprehensions-families-increased-38-percent-august/,JULIÁN AGUILAR,Border Patrol apprehensions of families increased 38 percent in August,"SEPT. 12, 2018",2018-09-12
https://www.texastribune.org/2018/09/13/mj-hegar-fires-back-henry-cuellar-helping-her-gop-opponent-fundraise/,ABBY LIVINGSTON,MJ Hegar fires back at fellow Democrat Henry Cuellar for helping her GOP opponent fundraise,"SEPT. 13, 2018",2018-09-13
https://www.texastribune.org/2018/09/14/jerry-patterson-Miguel-Suazo-george-p-bush-texas-elections-2018/,BOBBY BLANCHARD,"Jerry Patterson, a Republican, endorses Democrat Miguel Suazo over George P. Bush","SEPT. 14, 2018",2018-09-14
https://www.texastribune.org/2018/09/12/rudy-giuliani-headline-pete-sessions-fundraiser/,ABBY LIVINGSTON,Rudy Giuliani to headline Pete Sessions fundraiser,"SEPT. 12, 2018",2018-09-12
https://www.texastribune.org/2018/09/11/greg-abbott-campaign-ad-pre-kindergarten-funding/,TEO ARMUS,Gov. Greg Abbott's campaign ads boast about expanding pre-K. Advocates say his claims are misleading.,"SEPT. 11, 2018",2018-09-11
https://www.texastribune.org/2018/08/31/ted-cruz-beto-orourke-donald-trump-texas/,ALEX SAMUELS,"Donald Trump says he'll campaign for Ted Cruz at ""biggest stadium in Texas we can find""","AUG. 31, 2018",2018-08-31
https://www.texastribune.org/2018/09/04/cruz-orourke-el-paso-eminent-domain/,PATRICK SVITEK,"Cruz allies take aim at O'Rourke over eminent domain, father-in-law","SEPT. 4, 2018",2018-09-04
https://www.texastribune.org/2018/09/09/beto-orourke-town-hall-san-marcos-texas-state/,TEO ARMUS,"At a Texas State town hall, college enthusiasm for O'Rourke was on display","SEPT. 9, 2018",2018-09-09
https://www.texastribune.org/2018/09/05/obamacare-texas-block-california-fort-worth-affordable-care-act/,EMMA PLATOFF,Texas asks a federal judge to block Obamacare nationwide,"SEPT. 5, 2018",2018-09-05
https://www.texastribune.org/2018/08/31/beto-orourke-dwi-episode-1998-included-car-crash-and-alleged-attempt-f/,THE WASHINGTON POST,Beto O’Rourke DWI episode in 1998 included car crash and alleged attempt to flee,"AUG. 31, 2018",2018-08-31
https://www.texastribune.org/2018/09/12/analysis-ted-cruz-beto-orourke-swoon-trouble/,ROSS RAMSEY,Analysis: The swoon for Beto O’Rourke doesn’t mean Ted Cruz will lose,"SEPT. 12, 2018",2018-09-12
https://www.texastribune.org/2018/09/12/texas-migrant-families-separated-zero-tolerance/,HANNAH WILEY,More than 400 kids remain separated from their parents. Here’s one lawyer's long-shot plan to reunite a family,"SEPT. 12, 2018",2018-09-12
https://www.texastribune.org/2018/09/11/federal-government-greatly-expand-tornillo-shelter-unaccompanied-minor/,JULIÁN AGUILAR,Federal government to greatly expand Tornillo shelter for unaccompanied minors,"SEPT. 11, 2018",2018-09-11
https://www.texastribune.org/2018/09/05/tribcast-trump-vows-stump-cruz-texas/,EMILY RAMSHAW,TribCast: Trump vows to stump for Cruz in Texas,"SEPT. 5, 2018",2018-09-05
https://www.texastribune.org/2018/09/07/state-rep-ron-reynolds-turns-himself-begin-serving-year-long-jail-sent/,JOLIE MCCULLOUGH,State Rep. Ron Reynolds turns himself in to serve year-long jail sentence,"SEPT. 7, 2018",2018-09-07
https://www.texastribune.org/2018/09/05/fetal-remains-texas-ruling-abortion-rights/,MARISSA EVANS,Judge strikes down Texas law requiring burial or cremation of fetal remains,"SEPT. 5, 2018",2018-09-05
https://www.texastribune.org/2018/09/05/john-cornyn-defends-supreme-court-nominee-brett-kavanaughs-impartialit/,ANDREW EVERSDEN,U.S. Sen. John Cornyn defends Supreme Court nominee Brett Kavanaugh's impartiality at hearing,"SEPT. 5, 2018",2018-09-05
https://www.texastribune.org/2018/09/14/hurricane-florence-bears-down-east-coast-texas-faces-its-own-floods/,OMAR RODRIGUEZ-ORTIZ,"As Hurricane Florence bears down on East Coast, Texas faces flooding from Gulf Coast disturbance","SEPT. 14, 2018",2018-09-14
https://www.texastribune.org/2018/09/06/trump-administration-circumvent-court-limits-detention-child-migrants/,THE WASHINGTON POST,Trump administration to circumvent court limits on detention of child migrants,"SEPT. 6, 2018",2018-09-06
https://www.texastribune.org/2018/09/06/livestream-king-raymond/,OMAR RODRIGUEZ-ORTIZ,"Texas Reps. Tracy King and Richard Peña Raymond talk health care, school finance, border security and the next legislative session","SEPT. 6, 2018",2018-09-06
https://www.texastribune.org/2018/09/05/analysis-candidates-cussing-beto-orourke-ted-cruz-national-anthem/,ROSS RAMSEY,Analysis: Some voters want candidates who watch what they say. Some don’t.,"SEPT. 5, 2018",2018-09-05
https://www.texastribune.org/2018/09/11/alamo-texas-education-board/,KATHRYN LUNDSTROM,"Texas education board workgroup changes course on ""heroic"" Alamo defenders","SEPT. 11, 2018",2018-09-11
https://www.texastribune.org/2018/08/31/texas-education-agency-children-migrant-shelters/,TEO ARMUS,Texas says it won't fund education for children in shelters,"AUG. 31, 2018",2018-08-31
https://www.texastribune.org/2018/09/10/ut-texas-m-smu-rise-rice-and-baylor-slip-us-news-rankings/,SHANNON NAJMABADI,"UT-Austin, A&M, SMU and UH rise; Rice and Baylor slip in U.S. News rankings","SEPT. 10, 2018",2018-09-10
https://www.texastribune.org/2018/09/05/property-tax-relief-available-texas-homeowners-homestead-exemptions/,ALEX SAMUELS,"Lawmakers couldn't agree on property tax reform, but Texas homeowners can still get some relief","SEPT. 5, 2018",2018-09-05
https://www.texastribune.org/2018/09/06/after-ice-raid-north-texas-immigrants-face-uncertain-futures/,JULIÁN AGUILAR,"After ICE raid in North Texas, immigrants face uncertain futures","SEPT. 6, 2018",2018-09-06
https://www.texastribune.org/2018/09/06/john-cornyn-floats-ousting-cory-booker-senate-during-kavanaugh-hearing/,ABBY LIVINGSTON,John Cornyn floats ousting Cory Booker from Senate during Kavanaugh hearing,"SEPT. 6, 2018",2018-09-06
https://www.texastribune.org/2018/09/11/report-texas-rules-lax-cleanup-polluted-sites/,KIAH COLLIER,Report: Texas criteria for polluted site cleanup 'significantly weaker' than neighboring states,"SEPT. 11, 2018",2018-09-11
https://www.texastribune.org/2018/08/31/texas-education-agency-special-education-director/,ALIYYA SWABY,Texas Education Agency chooses familiar face to lead special education overhaul,"AUG. 31, 2018",2018-08-31
https://www.texastribune.org/2018/09/13/dallas-officer-amber-guyger-botham-jean-fatal-shooting/,THE WASHINGTON POST,"Why the Dallas officer who killed her neighbor might have trouble with a ""deadly force"" defense","SEPT. 13, 2018",2018-09-13
https://www.texastribune.org/2018/09/06/four-price-texas-house-speaker-candidate/,ALEX SAMUELS,State Rep. Four Price files to run for Texas House speaker,"SEPT. 6, 2018",2018-09-06
https://www.texastribune.org/2018/09/14/willie-nelson-beto-orourke-political-concert/,THE WASHINGTON POST,Willie Nelson is playing a political concert for Beto O’Rourke. Some fans are abandoning him.,"SEPT. 14, 2018",2018-09-14
https://www.texastribune.org/2018/09/13/texas-poverty-census-2017-lowest-levels-decade/,ALEXA URA,Poverty in Texas drops to lowest levels in more than a decade,"SEPT. 13, 2018",2018-09-13
https://www.texastribune.org/2018/09/04/supreme-court-brett-kavanaugh-texas-confirmation/,EMMA PLATOFF,Why Supreme Court Justice Brett Kavanaugh would be good news for Texas Republicans,"SEPT. 4, 2018",2018-09-04
https://www.texastribune.org/2018/09/05/state-audit-finds-serious-flaws-texas-education-agency-contracting-pro/,ALIYYA SWABY,State audit finds serious flaws in Texas Education Agency contracting process,"SEPT. 5, 2018",2018-09-05
https://www.texastribune.org/2018/09/06/texas-charter-schools-funding-education-migrant-shelters/,ALIYYA SWABY,Texas won't pay to educate migrant kids in shelters. Now two charter schools are scrambling.,"SEPT. 6, 2018",2018-09-06
https://www.texastribune.org/2018/09/14/border-patrol-working-stop-truck-drivers-smuggling-migrants/,HANNAH WILEY,The Border Patrol is trying to stop truck drivers from smuggling migrants. But cases have increased.,"SEPT. 14, 2018",2018-09-14
https://www.texastribune.org/2018/09/08/trumps-border-wall-threatens-end-texas-families-250-years-ranching-rio/,THE WASHINGTON POST,Trump’s border wall threatens to end Texas families’ 250 years of ranching on Rio Grande,"SEPT. 8, 2018",2018-09-08
https://www.texastribune.org/2018/09/10/robert-duncan-resigned-tensions-simmered-texas-tech-regents/,SHANNON NAJMABADI,"Before Robert Duncan resigned, tensions simmered with Texas Tech regents for months","SEPT. 10, 2018",2018-09-10
https://www.texastribune.org/2018/09/12/alamo-heroic-texas-education-board/,KATHRYN LUNDSTROM,"State Board of Education votes to keep ""heroic"" in description of Alamo defenders","SEPT. 12, 2018",2018-09-12
https://www.texastribune.org/2018/09/05/Dallas-County-Bail-Machine/,"BY MUSTAFA Z. MIRZA, THE MARSHALL PROJECT","In Dallas County, bail is set in secret — and often in seconds","SEPT. 5, 2018",2018-09-05
https://www.texastribune.org/2018/09/07/greg-abbott-texas-board-education-alamo-curriculum/,TEO ARMUS,Gov. Greg Abbott warns Texas education board of “political correctness” over Alamo history standards,"SEPT. 7, 2018",2018-09-07
https://www.texastribune.org/2018/09/13/texas-land-commissioner-george-p-bush-signs-plan-overhaul-alamo-plaza/,CASSANDRA POLLOCK,Texas Land Commissioner George P. Bush signs plan to overhaul Alamo Plaza,"SEPT. 13, 2018",2018-09-13
https://www.texastribune.org/2018/09/15/texas-border-patrol-agent-accused-serial-killing-spree-laredo/,MARISSA EVANS,"Texas Border Patrol agent accused of ""serial killing spree"" in Laredo","SEPT. 15, 2018",2018-09-15
https://www.texastribune.org/2018/09/11/texas-tea-considering-cutting-high-school-cosmetology-courses/,KATHRYN LUNDSTROM,Texas considering cutting high school cosmetology courses,"SEPT. 11, 2018",2018-09-11
https://www.texastribune.org/2018/09/18/republican-pete-flores-track-upset-race-democratic-friendly-uresti-sea/,PATRICK SVITEK,Republican Pete Flores upsets Democrat Pete Gallego in race for Uresti seat,"SEPT. 18, 2018",2018-09-18
https://www.texastribune.org/2018/09/17/texas-gop-determined-flip-democratic-friendly-state-senate-seat/,PATRICK SVITEK,GOP determined to flip Democratic-friendly state Senate seat in overtime round,"SEPT. 17, 2018",2018-09-17
https://www.texastribune.org/2018/09/18/ted-cruz-leads-beto-orourke-54-45-quinnipiac-poll-says/,PATRICK SVITEK,"Ted Cruz leads Beto O'Rourke 54 to 45, new poll says","SEPT. 18, 2018",2018-09-18
https://www.texastribune.org/2018/10/01/barack-obama-endorses-texas-candidates/,PATRICK SVITEK,Obama endorses 9 more Texas candidates in midterm races,"OCT. 1, 2018",2018-10-01
https://www.texastribune.org/2018/09/19/how-pete-flores-upset-democrat-win-texas-state-senate-seat/,PATRICK SVITEK,How Texas Democrats lost a state Senate seat amid talk of a blue wave,"SEPT. 19, 2018",2018-09-19
https://www.texastribune.org/2018/09/22/beto-orourke-ted-cruz-first-senate-debate-full-video/,ALANA ROCHA,Watch Ted Cruz and Beto O'Rourke in first Senate debate,"SEPT. 22, 2018",2018-09-22
https://www.texastribune.org/2018/09/28/greg-abbott-lupe-valdez-debate-watch/,PATRICK SVITEK,"Gov. Greg Abbott and challenger Lupe Valdez spar over arming teachers, Harvey recovery in debate","SEPT. 28, 2018",2018-09-28
https://www.texastribune.org/2018/09/19/beto-orourke-leads-cruz-new-poll-texas-senate-race/,KATHRYN LUNDSTROM,"Beto O’Rourke leads Ted Cruz by 2 among likely voters in U.S. Senate race, new poll finds","SEPT. 19, 2018",2018-09-19
https://www.texastribune.org/2018/09/21/ted-cruz-beto-orourke-debate-watch-texas-senate/,PATRICK SVITEK,"Ted Cruz and Beto O'Rourke clash over immigration, Trump, guns during intense debate","SEPT. 21, 2018",2018-09-21
https://www.texastribune.org/2018/09/19/analysis-neal-dikeman-voter-ted-cruz-beto-orourke-senate-texas/,ROSS RAMSEY,Analysis: Neal Dikeman’s voters could decide which Texan serves in the U.S. Senate,"SEPT. 19, 2018",2018-09-19
https://www.texastribune.org/2018/09/27/analysis-texas-senator-schwertner-bad-news-trickle-down/,ROSS RAMSEY,"Analysis: For state Sen. Charles Schwertner, bad news and a trickle-down effect","SEPT. 27, 2018",2018-09-27
https://www.texastribune.org/2018/09/26/will-hurd-gina-ortiz-jones-trump-record-cd-23/,PATRICK SVITEK,"In age of Trump, Republican U.S. Rep. Will Hurd's independence again on the ballot in 23rd District","SEPT. 26, 2018",2018-09-26
https://www.texastribune.org/2018/09/24/analysis-texas-republican-singing-blues/,ROSS RAMSEY,Analysis: A few Texas Republicans are singing the blues,"SEPT. 24, 2018",2018-09-24
https://www.texastribune.org/2018/09/27/beto-cruz-virtual-debate/,ALANA ROCHA,We set up a virtual debate between Beto O'Rourke and Ted Cruz. Hear where they stand.,"SEPT. 27, 2018",2018-09-27
https://www.texastribune.org/2018/09/20/miller-olson-split-decision/,ALANA ROCHA,"Trade wars, ""Meatless Mondays"" and BBQ. Texas Agriculture Commissioner candidates square off","SEPT. 20, 2018",2018-09-20
https://www.texastribune.org/2018/09/20/donald-trump-texas-republicans-endorsing-democrats/,CASSANDRA POLLOCK,"Some Texas Republicans are endorsing Democrats. Is it ""Texas over party"" or sour grapes?","SEPT. 20, 2018",2018-09-20
https://www.texastribune.org/2018/09/21/analysis-dan-patrick-reddest-texas-senate-ever/,ROSS RAMSEY,Analysis: Dan Patrick and the reddest Texas Senate ever,"SEPT. 21, 2018",2018-09-21
https://www.texastribune.org/2018/09/26/sexual-misconduct-allegation-jolts-sen-charles-schwertners-district/,MATT ZDUN,Sexual misconduct allegation jolts Texas Sen. Charles Schwertner's district,"SEPT. 26, 2018",2018-09-26
https://www.texastribune.org/2018/09/22/texas-ted-cruz-beto-orourke-debate-claims/,EMMA PLATOFF,"""Modern-day Jim Crow."" ""We're going to protect pre-existing conditions."" Here’s a closer look at claims made at Ted Cruz and Beto O'Rourke's debate.","SEPT. 22, 2018",2018-09-22
https://www.texastribune.org/2018/09/30/beto-orourke-nixed-debate-ad-facebook-live-ted-cruz/,PATRICK SVITEK,Beto O'Rourke uses nixed debate time slot to shoot ad on Facebook Live,"SEPT. 30, 2018",2018-09-30
https://www.texastribune.org/2018/09/19/ted-cruz-center-us-supreme-court-storm-after-kavanaugh-allegations/,ABBY LIVINGSTON,Ted Cruz at center of U.S. Supreme Court storm,"SEPT. 19, 2018",2018-09-19
https://www.texastribune.org/2018/09/27/texas-tribune-festival-live/,TEXAS TRIBUNE STAFF,Watch livestreams of the 2018 Texas Tribune Festival's featured events,"SEPT. 27, 2018",2018-09-27
https://www.texastribune.org/2018/09/27/ted-cruz-beto-orourke-fundraising-out-of-texas/,ALEX SAMUELS,How much money have Ted Cruz and Beto O'Rourke raised outside Texas? We don't know for sure.,"SEPT. 27, 2018",2018-09-27
https://www.texastribune.org/2018/09/20/mike-collier/,OMAR RODRIGUEZ-ORTIZ,Democratic lieutenant governor hopeful Mike Collier talks school funding and property taxes,"SEPT. 20, 2018",2018-09-20
https://www.texastribune.org/2018/10/01/greg-abbott-releases-tv-ad-featuring-family-survived-sutherland-spring/,PATRICK SVITEK,Abbott releases TV ad featuring family that survived Sutherland Springs shooting,"OCT. 1, 2018",2018-10-01
https://www.texastribune.org/2018/09/29/texas-tribune-festival-beto-orourke/,ABBY LIVINGSTON,"U.S. Rep. Beto O'Rourke discusses DWI, term limits","SEPT. 29, 2018",2018-09-29
https://www.texastribune.org/2018/09/29/nancy-pelosi-democrats-should-focus-healthcare-working-families/,EDGAR WALTERS,"Nancy Pelosi: Democrats should focus on health care, working families — not abolishing ICE","SEPT. 29, 2018",2018-09-29
https://www.texastribune.org/2018/09/27/texas-tribune-festival-john-kerry/,EMMA PLATOFF,John Kerry hails 2018 midterms as “greatest course-correction moment we’ve had in years”,"SEPT. 27, 2018",2018-09-27
https://www.texastribune.org/2018/09/24/sen-ted-cruz-texas-heckled-restaurant-over-kavanaugh-controversy/,ABBY LIVINGSTON,Ted Cruz heckled in Washington restaurant over Kavanaugh controversy,"SEPT. 24, 2018",2018-09-24
https://www.texastribune.org/2018/09/28/brett-kavanaugh-FBI-investigation-delay-vote/,MATTHEW WATKINS,Cornyn: Senate SCOTUS vote to be delayed while FBI investigates Kavanaugh,"SEPT. 28, 2018",2018-09-28
https://www.texastribune.org/2018/10/01/tribcast-live-texas-tribune-festival/,EMILY RAMSHAW,TribCast: Live from the Texas Tribune Festival,"OCT. 1, 2018",2018-10-01
https://www.texastribune.org/2018/09/28/texas-tribune-festival-michael-avenatti/,KATHRYN LUNDSTROM,"Michael Avenatti talks Brett Kavanaugh, 2020 run","SEPT. 28, 2018",2018-09-28
https://www.texastribune.org/2018/09/21/3d-printed-gun-designer-cody-wilson-reportedly-arrested-taiwan/,MATTHEW WATKINS,3D-printed gun designer Cody Wilson arrested in Taiwan,"SEPT. 21, 2018",2018-09-21
https://www.texastribune.org/2018/09/19/3d-printed-gun-designer-cody-wilson-charged-sexual-assault/,MATT ZDUN,3D-printed gun designer Cody Wilson is wanted on charge of sexually assaulting an underage girl,"SEPT. 19, 2018",2018-09-19
https://www.texastribune.org/2018/09/18/gentrification-threatens-austins-low-income-residents-and-communities-/,BRANDON FORMBY,"Report says gentrification threatens to displace Austin's low-income residents, communities of color","SEPT. 18, 2018",2018-09-18
https://www.texastribune.org/2018/09/20/george-p-bush-school-land-board-state-board-education/,TEO ARMUS,Land Commissioner George P. Bush fighting with a Texas education board over allocations to fund schools,"SEPT. 20, 2018",2018-09-20
https://www.texastribune.org/2018/09/25/cody-wilson-sexual-assault-defense-distributed-3D-gun/,EMMA PLATOFF,"After sexual assault charges, Cody Wilson resigns from 3D-printed gun company","SEPT. 25, 2018",2018-09-25
https://www.texastribune.org/2018/09/21/texas-attorney-general-church-austin-school/,EMMA PLATOFF,Texas Attorney General warns Austin ISD: Don’t stop churches from renting school facilities,"SEPT. 21, 2018",2018-09-21
https://www.texastribune.org/2018/09/22/trump-immigration-public-assistance-visas/,THE WASHINGTON POST,Trump administration seeks to limit access to U.S. for immigrants who use or are likely to use public assistance,"SEPT. 22, 2018",2018-09-22
https://www.texastribune.org/2018/09/17/beto-orourke-joins-chorus-calling-firing-officer-who-shot-botham-jean/,JOLIE MCCULLOUGH,"After the death of Botham Jean, should a Dallas officer be fired? Those decisions often take time.","SEPT. 17, 2018",2018-09-17
https://www.texastribune.org/2018/09/18/texas-prison-guard-charged-inmate-death/,JOLIE MCCULLOUGH,A Texas prison guard has been charged in an assault connected to an inmate's death,"SEPT. 18, 2018",2018-09-18
https://www.texastribune.org/2018/09/21/border-wall-texas-mexico-trump-el-paso/,JULIÁN AGUILAR,"Federal officials unveil plans for four-mile, 18-foot-tall wall on Texas-Mexico border","SEPT. 21, 2018",2018-09-21
https://www.texastribune.org/2018/09/28/texas-tribune-festival-bill-de-blasio-new-york-city-mayor/,TEO ARMUS,"Mayor Bill de Blasio says his ""progressive vision"" for New York City can be copied across the country","SEPT. 28, 2018",2018-09-28
https://www.texastribune.org/2018/09/25/anti-nuclear-waste-tour-kicks-houston/,MATT ZDUN,Anti-nuclear waste tour kicks off in Houston,"SEPT. 25, 2018",2018-09-25
https://www.texastribune.org/2018/09/29/klobuchar-kavanaugh-supreme-court-2020-jeff-flake/,EMMA PLATOFF,"Sen. Amy Klobuchar says Brett Kavanaugh is ""not the person for the Supreme Court""","SEPT. 29, 2018",2018-09-29
https://www.texastribune.org/2018/09/21/teacher-retirement-system-leaves-retired-teacher-health-premiums-uncha/,MATT ZDUN,Texas’ Teacher Retirement System will not raise health premiums for retired teachers,"SEPT. 21, 2018",2018-09-21
https://www.texastribune.org/2018/09/29/sanchez-part-owner-property-leased-southwest-key-programs-eller-said-a/,SHANNON NAJMABADI,Southwest Key CEO has financial stake in property leased by migrant shelter operator,"SEPT. 29, 2018",2018-09-29
https://www.texastribune.org/2018/09/25/university-texas-sexual-misconduct-allegation-charles-schwertner/,SHANNON NAJMABADI,Report: UT investigating sexual misconduct allegation levied against state Sen. Charles Schwertner,"SEPT. 25, 2018",2018-09-25
https://www.texastribune.org/2018/10/01/border-asylum-port-of-entry-texas-mexico/,HANNAH WILEY,Critics say new barriers on border bridge are meant to deter asylum-seekers,"OCT. 1, 2018",2018-10-01
https://www.texastribune.org/2018/09/24/amber-guyger-fired-dallas-police-after-shooting-botham-jean/,JOLIE MCCULLOUGH,Amber Guyger fired from Dallas Police Department after shooting of Botham Jean,"SEPT. 24, 2018",2018-09-24
https://www.texastribune.org/2018/10/01/southwest-key-hires-child-welfare-organization-review-processes/,SHANNON NAJMABADI,Southwest Key hires child welfare organization to review processes,"OCT. 1, 2018",2018-10-01
https://www.texastribune.org/2018/09/17/border-patrol-agent-had-arsenal-attempted-suicide-cop-officials-say/,JULIÁN AGUILAR,"Border Patrol agent had arsenal in home, attempted ""suicide by cop,"" officials say","SEPT. 17, 2018",2018-09-17
https://www.texastribune.org/2018/10/01/texas-special-education-fifth-circuit/,ALIYYA SWABY,Texas spent less on students with disabilities. But did it break the law?,"OCT. 1, 2018",2018-10-01
https://www.texastribune.org/2018/09/25/ken-paxton-texas-law-student-stand-pledge-allegiance-/,EMMA PLATOFF,Attorney General Ken Paxton defends Texas law requiring students to stand for Pledge of Allegiance,"SEPT. 25, 2018",2018-09-25
https://www.texastribune.org/2018/09/20/dallas-bail-sytem-judge-order/,JOLIE MCCULLOUGH,Federal judge rules against Dallas County bail practices,"SEPT. 20, 2018",2018-09-20
https://www.texastribune.org/2018/09/27/John-Cornyn-Ted-Cruz-Brett-Kavanaugh/,ANDREW EVERSDEN,"U.S. Sen. John Cornyn calls Kavanaugh hearing ""embarrassing,"" draws McCarthy comparisons","SEPT. 27, 2018",2018-09-27
https://www.texastribune.org/2018/09/19/Texas-solicitor-general-kyle-hawkins-scott-keller-ken-paxton/,EMMA PLATOFF,"As solicitor general, Kyle Hawkins will lead Texas fights against the federal government","SEPT. 19, 2018",2018-09-19
https://www.texastribune.org/2018/10/03/analysis-crossing-border-texas-election-cruz-orourke/,ROSS RAMSEY,"Analysis: Crossing the (other) Texas borders, as elections near","OCT. 3, 2018",2018-10-03
https://www.texastribune.org/2018/10/16/Prairie-View-voter-registration/,MATT ZDUN,"Prairie View A&M University's voter registration issues are resolved, but voting barriers remain","OCT. 16, 2018",2018-10-16
https://www.texastribune.org/2018/10/15/donald-trump-campaign-ted-cruz-houston-texas-oct-22/,PATRICK SVITEK,Donald Trump to campaign for Ted Cruz in Houston on Oct. 22,"OCT. 15, 2018",2018-10-15
https://www.texastribune.org/2018/10/12/beto-orourke-raised-more-38-million-race-against-ted-cruz/,PATRICK SVITEK,Beto O’Rourke raised more than $38 million in the third quarter — a record that's about three times Ted Cruz’s haul,"OCT. 12, 2018",2018-10-12
https://www.texastribune.org/2018/10/02/mike-pence-campaign-ted-cruz-pete-sessions-dallas/,PATRICK SVITEK,"Mike Pence to campaign for Ted Cruz, Pete Sessions in Dallas","OCT. 2, 2018",2018-10-02
https://www.texastribune.org/2018/10/04/ted-cruz-says-he-raised-12m-third-quarter/,PATRICK SVITEK,Ted Cruz says he raised $12M in third quarter,"OCT. 4, 2018",2018-10-04
https://www.texastribune.org/2018/10/04/colin-allred-congress-conversation/,OMAR RODRIGUEZ-ORTIZ,Colin Allred talks football and his congressional campaign,"OCT. 4, 2018",2018-10-04
https://www.texastribune.org/2018/10/03/donald-trump-jr-rallies-texas-ted-cruz/,PATRICK SVITEK,"Rallying in Texas for Ted Cruz, Donald Trump Jr. touts him as dad's enemy-turned-ally","OCT. 3, 2018",2018-10-03
https://www.texastribune.org/2018/10/11/texas-house-district-114-moderate-conservative/,ALLYSON WALLER,Can a moderate Democrat win in a Texas district held by Republicans for decades?,"OCT. 11, 2018",2018-10-11
https://www.texastribune.org/2018/10/04/sid-miller-agriculture-commissioner-2018-midterms/,ALEX SAMUELS,Some Texas interest groups are endorsing in every statewide race — but not in Sid Miller's,"OCT. 4, 2018",2018-10-04
https://www.texastribune.org/2018/10/02/two-taken-hospital-after-white-powdery-substance-sent-cruz-campaign-of/,PATRICK SVITEK,"Cruz campaign office evacuated after receiving ""white powdery substance"" in the mail","OCT. 2, 2018",2018-10-02
https://www.texastribune.org/2018/10/16/texas-beto-orourke-ted-cruz-debate-claims/,ALEX SAMUELS,We fact check Ted Cruz and Beto O’Rourke’s second debate,"OCT. 16, 2018",2018-10-16
https://www.texastribune.org/2018/10/16/ted-cruz-beto-orourke-watch-debate-texas-san-antonio/,PATRICK SVITEK,Beto O’Rourke swings harder at Ted Cruz in second debate,"OCT. 16, 2018",2018-10-16
https://www.texastribune.org/2018/10/04/beto-orourke-says-hes-not-interested-barack-obama-endorsement/,JULIÁN AGUILAR,"Beto O'Rourke on possible endorsement from Obama: ""I don't think we're interested.""","OCT. 4, 2018",2018-10-04
https://www.texastribune.org/2018/10/09/Ted-cruz-Richard-Linklater-beto-ad/,PATRICK SVITEK,Linklater directs ads for anti-Cruz super PAC,"OCT. 9, 2018",2018-10-09
https://www.texastribune.org/2018/10/02/why-did-trump-administration-separate-asylum-seekers-their-kids/,NEENA SATIJA,Why did the Trump administration separate asylum-seekers from their kids?,"OCT. 2, 2018",2018-10-02
https://www.texastribune.org/2018/10/05/sens-ted-cruz-john-cornyn-texas-vote-advance-brett-kavanaugh-nominatio/,ABBY LIVINGSTON,"Sens. Ted Cruz, John Cornyn vote to advance Brett Kavanaugh nomination","OCT. 5, 2018",2018-10-05
https://www.texastribune.org/2018/10/05/analysis-texas-house-senate-fight-agencies-squirm/,ROSS RAMSEY,"Analysis: When the Texas House and Senate fight, legislative agencies squirm","OCT. 5, 2018",2018-10-05
https://www.texastribune.org/2018/10/04/leader-texas-tech-system-board-resigns-chairman-permanent-chancellor-t/,SHANNON NAJMABADI,Leader of Texas Tech System board resigns as chairman; permanent chancellor tapped,"OCT. 4, 2018",2018-10-04
https://www.texastribune.org/2018/10/11/cruz-orourke-poll-senate-texas/,ABBY LIVINGSTON,Ted Cruz leads Beto O'Rourke in new poll by nine points,"OCT. 11, 2018",2018-10-11
https://www.texastribune.org/2018/10/16/here-are-ted-cruz-and-beto-orourkes-attendance-numbers/,ANDREW EVERSDEN,Beto O’Rourke says Ted Cruz has an attendance problem. Cruz has missed 14 percent of votes; O’Rourke has missed 3 percent.,"OCT. 16, 2018",2018-10-16
https://www.texastribune.org/2018/10/05/t-squared-community-conversation-toolkit/,ALEX SAMUELS,T-Squared: Help us spark policy conversations in your communities,"OCT. 5, 2018",2018-10-05
https://www.texastribune.org/2018/10/10/feds-disclose-plans-new-section-border-wall-texas/,JULIÁN AGUILAR,Trump administration discloses plans for construction of new border barrier in Texas,"OCT. 10, 2018",2018-10-10
https://www.texastribune.org/2018/10/15/ut-system-board-regents-chair-sara-martinez-tucker-resign-jan-15/,SHANNON NAJMABADI,UT System Board of Regents Chair Sara Martinez Tucker to step down in January,"OCT. 15, 2018",2018-10-15
https://www.texastribune.org/2018/10/10/texas-rural-symposium-community-conversation-video/,JESSICA WEAVER,"Watch our symposium on rural Texas, and include your community in the conversation","OCT. 10, 2018",2018-10-10
https://www.texastribune.org/2018/10/10/orourke-isnt-interested-obama-endorsement-tribcast/,EMILY RAMSHAW,"TribCast: O'Rourke isn't ""interested"" in Obama endorsement","OCT. 10, 2018",2018-10-10
https://www.texastribune.org/2018/10/05/affordable-housing-texas-community-conversation-toolkit/,ALEX SAMUELS,Want to discuss affordable housing in your community? This guide can start the conversation.,"OCT. 5, 2018",2018-10-05
https://www.texastribune.org/2018/10/02/texas-senate-will-wait-and-see-charles-schwertner-sexual-misconduct-al/,ALEXA URA,"After another member is accused of sexual misconduct, the Texas Senate takes a wait-and-see approach","OCT. 2, 2018",2018-10-02
https://www.texastribune.org/2018/10/11/livestream-marvin-odum-houston-chief-recover-officer/,TEXAS TRIBUNE STAFF,"Watch: A conversation with Marvin Odum, Houston's chief recovery officer","OCT. 11, 2018",2018-10-11
https://www.texastribune.org/2018/10/04/zero-tolerance-policy-reunite-separated-immigrant-families/,HANNAH WILEY,Hundreds of migrant kids haven't been reunited with their parents. What's taking so long?,"OCT. 4, 2018",2018-10-04
https://www.texastribune.org/2018/10/03/texas-and-feds-square-over-potential-revocation-millions-special-educa/,ALIYYA SWABY,Texas and the feds square off over $33 million in special education funds,"OCT. 3, 2018",2018-10-03
https://www.texastribune.org/2018/10/08/refugee-resettlement-texas-hits-historic-low-under-trump-administratio/,ALEXA URA,Refugee resettlement in Texas hits historic low under Trump administration,"OCT. 8, 2018",2018-10-08
https://www.texastribune.org/2018/10/09/travis-clardy-texas-house-livestream/,OMAR RODRIGUEZ-ORTIZ,Travis Clardy on the bathroom bill and the relationship between Texas’ top political leaders,"OCT. 9, 2018",2018-10-09
https://www.texastribune.org/2018/10/10/catholic-church-texas-diocese-sexual-abuse-minor/,EMMA PLATOFF,"Catholic dioceses in Texas to release names of clergy ""credibly accused"" of sexually abusing minors","OCT. 10, 2018",2018-10-10
https://www.texastribune.org/2018/10/03/former-intern-rep-sheila-jackson-lee-accused-posting-gop-senators-info/,ABBY LIVINGSTON,Report: Former intern for Rep. Sheila Jackson Lee accused of posting GOP senators' private information online,"OCT. 3, 2018",2018-10-03
https://www.texastribune.org/2018/10/05/affordable-housing-texas-things-know/,BRANDON FORMBY,"As Texas grows, an affordable housing crisis looms. Here are six things to know.","OCT. 5, 2018",2018-10-05
https://www.texastribune.org/2018/10/11/texas-joe-moody-criminal-justice-legislature-marijuana/,ALEX SAMUELS,Q&A: State Rep. Joe Moody on criminal justice and the Legislature,"OCT. 11, 2018",2018-10-11
https://www.texastribune.org/2018/10/03/standardized-testing-ACT-SAT-pay-Texas/,MATT ZDUN,Texas wants schools to pay for ACT and SAT exams. Local districts say that’s unreasonable.,"OCT. 3, 2018",2018-10-03
https://www.texastribune.org/2018/10/06/police-seize-texas-political-yard-sign-gop-elephant-girl-skirt/,THE WASHINGTON POST,A Texas yard sign depicted a GOP elephant with its trunk up a girl’s skirt. Police seized it.,"OCT. 6, 2018",2018-10-06
https://www.texastribune.org/2018/10/12/mexico-asylum-seekers-bridges-immigration/,TEO ARMUS,"U.S. officials have been keeping migrants from crossing bridges. Now, Mexico is doing the same.","OCT. 12, 2018",2018-10-12
https://www.texastribune.org/2018/10/12/suicide-rate-hispanics-texas/,KAISER HEALTH NEWS,"As suicide rates rise, Hispanics show relative immunity","OCT. 12, 2018",2018-10-12
https://www.texastribune.org/2018/10/03/army-corps-set-propose-hurricane-protection-plan-houston/,KIAH COLLIER,Army Corps set to propose hurricane protection plan for Houston,"OCT. 3, 2018",2018-10-03
https://www.texastribune.org/2018/10/09/homeland-security-moves-plug-gaps-south-texas-border-fence/,KIAH COLLIER,Homeland Security moves to plug gaps in Bush-era border fence,"OCT. 9, 2018",2018-10-09
https://www.texastribune.org/2018/10/09/presidio-wall-texas-border-mexico/,"BY SUHAUNA HUSSAIN, CENTER FOR PUBLIC INTEGRITY","How ""The Wall"" could kill a Texas city","OCT. 9, 2018",2018-10-09
https://www.texastribune.org/2018/10/10/austin-nondiscrimination-ordinance-lgbtq-lawsuits/,MATT ZDUN,Two conservative groups are suing Austin over its nondiscrimination ordinance. LGBTQ advocates say they're not worried.,"OCT. 10, 2018",2018-10-10
https://www.tribtalk.org/2018/10/12/texas-no-country-for-young-voters/,Mark P. Jones,Texas: No country for young voters?,"By Mark P. Jones,  Oct. 12, 2018",2018-10-12
https://www.texastribune.org/2018/10/11/west-texas-becomes-worlds-extraction-colony-oil-gas-exports-surge/,KIAH COLLIER,"As oil and gas exports surge, West Texas becomes the world’s “extraction colony”","OCT. 11, 2018",2018-10-11
https://www.texastribune.org/2018/10/11/hurricane-harvey-housing-damage-houston-2-billion/,KATHRYN LUNDSTROM,"Study says to fix Harvey-related housing damage, Houston needs $2 billion more in federal funds","OCT. 11, 2018",2018-10-11
https://www.texastribune.org/2018/10/16/how-washington-unleashed-fossil-fuel-exports-and-sold-out-climate/,"BY JIE JENNY ZOU, CENTER FOR PUBLIC INTEGRITY",How Washington unleashed fossil-fuel exports and sold out on climate,"OCT. 16, 2018",2018-10-16
https://www.texastribune.org/2018/10/09/texas-cps-aps-forgotten-caseworkers-legislators/,MARISSA EVANS,"Texas workers caring for elderly feel “treated like a stepchild” as caseload increases, pay stays the same","OCT. 9, 2018",2018-10-09
https://www.texastribune.org/2018/10/10/eviction-travis-county/,"BY AUDREY MCGLINCHY, KUT NEWS",Five days to vacate: How a sudden setback can lead to an eviction,"OCT. 10, 2018",2018-10-10
https://www.texastribune.org/2018/10/04/disclosures-give-details-personal-finances-ted-cruz-beto-orourke/,ABBY LIVINGSTON,Disclosures offer window into personal finances of Ted Cruz and Beto O'Rourke in Senate race,"OCT. 4, 2018",2018-10-04
https://www.texastribune.org/2018/10/09/texas-death-row-inmate-new-trial-junk-science/,EMMA PLATOFF,Judge recommends new trial for Texas death row inmate Rigoberto Avila,"OCT. 9, 2018",2018-10-09
https://www.texastribune.org/2018/10/03/Payton-summons-fort-worth-life-sustaining-treatment/,EMMA PLATOFF,The hospital says she’s brain-dead. Her parents say she’s alive. Who decides when to take her off the ventilator?,"OCT. 3, 2018",2018-10-03
https://www.texastribune.org/2018/10/05/federal-judge-texas-strikes-down-indian-child-welfare-act/,EMMA PLATOFF,Federal judge in Texas strikes down Indian Child Welfare Act,"OCT. 5, 2018",2018-10-05
https://www.texastribune.org/2018/10/06/texas-senators-cruz-cornyn-vote-confirm-kavanaugh-us-supreme-court/,ABBY LIVINGSTON,"U.S. Senate confirms Kavanaugh to high court, with support of Cruz, Cornyn","OCT. 6, 2018",2018-10-06
https://www.texastribune.org/2018/10/02/texas-education-agency-traffic-stop-police-interaction-law/,JOLIE MCCULLOUGH,"""Don't panic"": Texas Education Agency sends instructions on police interaction curriculum","OCT. 2, 2018",2018-10-02
https://www.texastribune.org/2018/10/10/analysis-texas-school-finance-budget-lbb/,ROSS RAMSEY,Analysis: Texas’ school finance problem in one pesky chart,"OCT. 10, 2018",2018-10-10
https://www.texastribune.org/2018/10/12/texas-cancels-health-contracts-anti-abortion-heidi-group/,MARISSA EVANS,State cancels health contracts with anti-abortion Heidi Group,"OCT. 12, 2018",2018-10-12
https://www.texastribune.org/2018/10/22/texas-2018-midterms-contest-who-will-get-most-votes/,BOBBY BLANCHARD,Political Pick'em: Can you guess who will win in the Texas midterms?,"OCT. 22, 2018",2018-10-22
https://www.texastribune.org/2018/10/22/prairie-view-m-students-sue-waller-county-over-early-voting-sites/,ALEXA URA,Prairie View A&M students sue Waller County over early voting sites,"OCT. 22, 2018",2018-10-22
https://www.texastribune.org/2018/10/22/texas-early-voting-turnout/,ALLYSON WALLER,Texas sees huge turnout on first day of early voting,"OCT. 22, 2018",2018-10-22
https://www.texastribune.org/2018/10/22/Donald-trump-rally-ted-cruz-houston-eleciton-2018/,PATRICK SVITEK,"At Houston re-election rally, Donald Trump mocks Beto O'Rourke and praises Ted Cruz as a key ally","OCT. 22, 2018",2018-10-22
https://www.texastribune.org/2018/10/18/democrats-texas-house-speakers-race/,CASSANDRA POLLOCK,Texas House Democrats expect midterms will boost their bargaining power in speaker's race,"OCT. 18, 2018",2018-10-18
https://www.texastribune.org/2018/10/23/texas-congressional-district-21-chip-roy-video/,OMAR RODRIGUEZ-ORTIZ,"Chip Roy on Trump, Republicans, health care and the national debt","OCT. 23, 2018",2018-10-23
https://www.texastribune.org/2018/10/18/Justin-Nelson-livestream/,OMAR RODRIGUEZ-ORTIZ,Justin Nelson discusses Attorney General Ken Paxton and the media,"OCT. 18, 2018",2018-10-18
https://www.texastribune.org/2018/10/22/will-donald-trumps-rally-ted-cruz-motivate-republicans-or-democrats/,ABBY LIVINGSTON,Will Donald Trump's Houston rally for Ted Cruz motivate Republicans — or Democrats?,"OCT. 22, 2018",2018-10-22
https://www.texastribune.org/2018/10/17/texas-governor-greg-abbott-trump-ted-cruz-rally/,MATT ZDUN,"Greg Abbott, Dan Patrick to speak at Donald Trump's rally with Ted Cruz","OCT. 17, 2018",2018-10-17
https://www.texastribune.org/2018/10/18/donald-trumps-houston-rally-ted-cruz-moved-bigger-venue/,PATRICK SVITEK,Donald Trump's Houston rally with Ted Cruz moved to bigger venue,"OCT. 18, 2018",2018-10-18
https://www.texastribune.org/2018/10/17/analysis-beto-orourke-overcome-ted-cruz-million-vote-margin/,ROSS RAMSEY,Analysis: Can Beto O’Rourke overcome Ted Cruz’s million-vote margin?,"OCT. 17, 2018",2018-10-17
https://www.texastribune.org/2018/10/23/texas-lt-gov-dan-patrick-mike-collier-video/,ALANA ROCHA,"Though they've never met, Mike Collier and Dan Patrick virtually debate the issues for Texas Lt. Gov.","OCT. 23, 2018",2018-10-23
https://www.texastribune.org/2018/10/19/greg-abbott-going-19-city-texas-tour-campaign-other-republicans/,PATRICK SVITEK,Abbott going on 19-stop tour to campaign for other Republicans,"OCT. 19, 2018",2018-10-19
https://www.texastribune.org/2018/10/20/ted-cruz-beto-orourke-accountability-jamal-khashoggi-death/,PATRICK SVITEK,"Sen. Ted Cruz, Rep. Beto O'Rourke press for accountability in Jamal Khashoggi's death","OCT. 20, 2018",2018-10-20
https://www.texastribune.org/2018/10/22/donald-trump-rally-texas-ted-cruz-supporters-line-up/,EMMA PLATOFF,What Donald Trump’s supporters said at his Texas rally for Ted Cruz,"OCT. 22, 2018",2018-10-22
https://www.texastribune.org/2018/10/21/donald-trump-stumps-ted-cruz-texas-former-enemies-are-now-allies/,THE WASHINGTON POST,"The ‘sniveling coward’ and the ‘maniac’ are now allies, as Trump stumps for Cruz","OCT. 21, 2018",2018-10-21
https://www.texastribune.org/2018/10/18/beto-orourke-ted-cruz-lyin-ted/,PATRICK SVITEK,"O'Rourke says he may have gone ""a step too far"" using Donald Trump's ""Lyin' Ted"" nickname for Cruz","OCT. 18, 2018",2018-10-18
https://www.texastribune.org/2018/10/19/texas-2018-john-carter-mj-hegar-virtual-debate/,ALANA ROCHA,"Congressional rivals John Carter and MJ Hegar talk immigration, veterans and tattoos","OCT. 19, 2018",2018-10-19
https://www.texastribune.org/2018/10/17/beto-orourke-attack-ads-against-ted-cruz-start-air-texas/,PATRICK SVITEK,"Beto O’Rourke starts airing attack ads against Ted Cruz, shifting tone","OCT. 17, 2018",2018-10-17
https://www.tribtalk.org/2018/10/18/tipping-the-scales-in-judicial-elections/,Mary Lou Serafine,Tipping the scales in judicial elections,"By Mary Lou Serafine,  Oct. 18, 2018",2018-10-18
https://www.texastribune.org/2018/10/22/ted-cruz-suggests-sending-national-guard-border-stop-migrant-caravan/,JULIÁN AGUILAR,Ted Cruz: National Guard may be needed to stop migrant caravan at the border,"OCT. 22, 2018",2018-10-22
https://www.texastribune.org/2018/10/22/texas-donald-trump-ted-cruz-texas-senate-fact-check/,ALEX SAMUELS,We fact checked Donald Trump's rally in Texas,"OCT. 22, 2018",2018-10-22
https://www.texastribune.org/2018/10/18/san-antonio-approves-plan-alamo-plaza-overhaul/,ROBERT INKS,San Antonio approves plan for Alamo Plaza overhaul,"OCT. 18, 2018",2018-10-18
https://www.texastribune.org/2018/10/17/texas-rep-pat-fallon-apologizes-rep-mary-gonzalez-after-mocking-her-se/,JULIÁN AGUILAR,Rep. Mary González says she's taking the high road after Rep. Pat Fallon mocked her sexuality,"OCT. 17, 2018",2018-10-17
https://www.texastribune.org/2018/10/17/family-border-apprehensions-hit-new-record-trump-threatens-new-crackdo/,THE WASHINGTON POST,Record number of families crossing U.S. border as Trump threatens new crackdown,"OCT. 17, 2018",2018-10-17
https://www.texastribune.org/2018/10/17/donald-trump-attack-beto-orourke-praise-ted-cruz-debate-texas/,BOBBY BLANCHARD,"Donald Trump: Beto O'Rourke ""is a flake""","OCT. 17, 2018",2018-10-17
https://www.texastribune.org/2018/10/23/Sarah-Davis-Allison-Lami-Sawyer-moderate/,MATT ZDUN,"""Dorky"" moderate Allison Lami Sawyer tries to unseat ""rowdy"" moderate state Rep. Sarah Davis","OCT. 23, 2018",2018-10-23
https://www.texastribune.org/2018/10/18/foster-care-5th-circuit-order-reform/,EMMA PLATOFF,Federal appeals court finds Texas foster kids were endangered — but strikes down some attempts at reform,"OCT. 18, 2018",2018-10-18
https://www.texastribune.org/2018/10/22/ted-cruz-will-serve-full-senate-term-beto-orourke/,TEXAS TRIBUNE STAFF,Ted Cruz now says he'll serve a full term if re-elected to U.S. Senate,"OCT. 22, 2018",2018-10-22
https://www.texastribune.org/2018/10/22/donald-trump-say-he-has-new-nickname-ted-cruz-beautiful-ted/,MATTHEW WATKINS,"Ahead of trip to Texas, Donald Trump uses a new nickname for Ted Cruz: ""Beautiful Ted""","OCT. 22, 2018",2018-10-22
https://www.texastribune.org/2018/10/19/texas-joaquin-castro-jamal-khashoggi-washington-post/,ALEX SAMUELS,"Without citing evidence, Joaquin Castro says Jared Kushner may have played a role in the death of Jamal Khashoggi","OCT. 19, 2018",2018-10-19
https://www.texastribune.org/2018/10/19/study-family-separations-causing-mental-health-crisis-south-texas/,HANNAH WILEY,Study says family separations are causing a mental health crisis in the Rio Grande Valley,"OCT. 19, 2018",2018-10-19
https://www.texastribune.org/2018/10/19/ut-regents-report-sees-curtailed-role-for-system-administration/,SHANNON NAJMABADI,"""Eliminate 'top-down' initiatives"": UT regents' report sees curtailed role for system administration","OCT. 19, 2018",2018-10-19
https://www.tribtalk.org/2018/10/19/once-again-a-time-for-choosing-republicans-over-democrats/,Wayne Christian,"Once again, a time for choosing Republicans over Democrats ","By Wayne Christian,  Oct. 19, 2018",2018-10-19
https://www.texastribune.org/2018/10/18/historic-texas-flooding-officials-open-floodgates-mansfield-dam/,CARLOS ANCHONDO,"After historic Texas flooding, officials will likely open more floodgates on Central Texas dam","OCT. 18, 2018",2018-10-18
https://www.texastribune.org/2018/10/22/austin-water-boil-water-notice-after-historic-flooding/,CARLOS ANCHONDO,"Austin issues city-wide boil water notice; calls for action ""to avoid running out of water""","OCT. 22, 2018",2018-10-22
https://www.texastribune.org/2018/10/17/immigrants-trump-mexico-border-asylum-violence/,JAY ROOT,Migrants seeking safe harbor in the U.S. must first survive shootouts and shakedowns in Mexico,"OCT. 17, 2018",2018-10-17
https://www.texastribune.org/2018/10/31/Victoria-neave-deanna-metzger-dallas-HD-107/,EMMA PLATOFF,"In Dallas-area Texas House race, Deanna Metzger is the rare Republican who’s on offense","OCT. 31, 2018",2018-10-31
https://www.texastribune.org/2018/11/01/ted-cruz-beto-orourke-get-out-the-vote/,PATRICK SVITEK,"In getting out the vote, Cruz turns to Abbott's infrastructure while O'Rourke builds his own","NOV. 1, 2018",2018-11-01
https://www.texastribune.org/2018/10/29/texas-supreme-court-election-2018-court-of-criminal-appeals/,EMMA PLATOFF,"In campaigns for Texas’ top courts, judicial candidates must rely on party ID","OCT. 29, 2018",2018-10-29
https://www.texastribune.org/2018/11/01/texas-straight-ticket-voting-problems-old-machines/,MATT ZDUN,Why are some Texans having trouble with voting machines? This is 2002 technology in 2018.,"NOV. 1, 2018",2018-11-01
https://www.texastribune.org/2018/10/28/ted-cruz-beto-orourke-fight-over-conservative-tarrant-county-texas/,ABBY LIVINGSTON,Ted Cruz and Beto O’Rourke are fighting over America’s most conservative large county,"OCT. 28, 2018",2018-10-28
https://www.texastribune.org/2018/10/30/ted-cruz-beto-orourke-texas-rio-grande-valley/,TEO ARMUS,Ted Cruz targets conservative Hispanics in deep-blue Rio Grande Valley,"OCT. 30, 2018",2018-10-30
https://www.texastribune.org/2018/10/26/beto-orourke-ted-cruz-top-100-million-fundraising-senate-race/,PATRICK SVITEK,Senate race tops $100 million with latest filings from Ted Cruz and Beto O'Rourke,"OCT. 26, 2018",2018-10-26
https://www.texastribune.org/2018/10/24/don-huffines-texas-senate-nathan-johnson-midterm-elections/,ALEX SAMUELS,"In a Dallas state Senate district held by the GOP for decades, incumbent Don Huffines is in a tight race","OCT. 24, 2018",2018-10-24
https://www.texastribune.org/2018/10/25/student-voting-rights-fight-erupts-texas-state-university/,ALEXA URA,Student voting rights fight erupts at Texas State University,"OCT. 25, 2018",2018-10-25
https://www.texastribune.org/2018/10/27/us-senate-ted-cruz-beto-orourke-see-promise-massive-early-voting/,PATRICK SVITEK,"In U.S. Senate race, both sides take heart in massive early voting numbers","OCT. 27, 2018",2018-10-27
https://www.texastribune.org/2018/10/29/texas-senate-beto-orourke-ted-cruz-poll/,EMMA PLATOFF,"Ted Cruz leads Beto O'Rourke 51 to 46, Quinnipiac poll finds","OCT. 29, 2018",2018-10-29
https://www.texastribune.org/2018/11/01/final-days-re-election-bid-ted-cruz-haunted-alliance-steve-king/,PATRICK SVITEK,Ted Cruz hasn't distanced himself from Steve King — once a valuable ally — in final days of race against Beto O’Rourke,"NOV. 1, 2018",2018-11-01
https://www.texastribune.org/2018/10/29/texas-ted-cruz-donald-trump-voter-awareness-project-facebook-ads/,ALEX SAMUELS,Groups with neutral-sounding names launch Facebook ads against Texas Republicans,"OCT. 29, 2018",2018-10-29
https://www.texastribune.org/2018/10/25/texas-comptroller-glenn-hegar-democrat-joi-chevalier/,EDGAR WALTERS,Texas Comptroller Glenn Hegar and Democratic challenger Joi Chevalier on why they deserve your vote,"OCT. 25, 2018",2018-10-25
https://www.texastribune.org/2018/10/25/new-anti-ted-cruz-super-pac-launches-plans-12m-ad-buy/,PATRICK SVITEK,"New anti-Ted Cruz super PAC launches, announces $1.2 million ad buy","OCT. 25, 2018",2018-10-25
https://www.texastribune.org/2018/11/01/donors-reward-texas-democratic-congressional-candidates-ignore-others/,EDGAR WALTERS,"While Beto O'Rourke rakes in cash, big donors ignore the Democratic statewide ticket","NOV. 1, 2018",2018-11-01
https://www.texastribune.org/2018/10/26/ut-tt-poll-ted-cruz-leads-beto-orourke-texas-senate/,ROSS RAMSEY,"Ted Cruz leads Beto O’Rourke by 6 in Texas Senate race, UT/TT poll finds","OCT. 26, 2018",2018-10-26
https://www.texastribune.org/2018/10/26/texas-congress-2018-election-joseph-kopser-video/,OMAR RODRIGUEZ-ORTIZ,"Joseph Kopser talks Trump, Republicans and health care","OCT. 26, 2018",2018-10-26
https://www.texastribune.org/2018/10/24/texas-dan-patrick-mike-collier-race-teachers-midterm/,EMMA PLATOFF,"In his long-shot bid to unseat Lt. Gov. Dan Patrick, Mike Collier is counting on teachers","OCT. 24, 2018",2018-10-24
https://www.texastribune.org/2018/10/31/texas-board-education-midterm-candidates-elections-2018/,KATHRYN LUNDSTROM,A Texas Board of Education seat hasn’t flipped since 2010. Will that change in 2018?,"OCT. 31, 2018",2018-10-31
https://www.texastribune.org/2018/10/24/Ted-Cruz-Beto-ORourke-poll/,MATT ZDUN,"Ted Cruz leads Beto O’Rourke by 5 among likely voters in U.S. Senate race, new poll finds","OCT. 24, 2018",2018-10-24
https://www.texastribune.org/2018/10/31/beto-orourke-messages-pipe-bomb/,MATTHEW WATKINS,"Beto O'Rourke received threatening messages from pipe bomb suspect Cesar Sayoc, his campaign says","OCT. 31, 2018",2018-10-31
https://www.texastribune.org/2018/10/26/texas-voting-machines-2018-straight-ticket-midterm-elections/,ALEX SAMUELS,Here’s how to avoid problems with straight-ticket voting in Texas,"OCT. 26, 2018",2018-10-26
https://www.texastribune.org/2018/10/31/texas-democrats-kulkarni-olson-mccaul-siegel/,ANDREW EVERSDEN,"In GOP strongholds, Texas Democrats running liberal campaigns have raised eye-popping sums","OCT. 31, 2018",2018-10-31
https://www.texastribune.org/2018/10/31/texas-beto-orourke-ted-cruz-facebook-ads-propublica/,ALEX SAMUELS,Beto O’Rourke is betting big on Facebook ads: He’s spent more than $6 million in six months.,"OCT. 31, 2018",2018-10-31
https://www.texastribune.org/2018/10/30/beto-orourke-ted-cruz-us-birthright-citizenship/,EMMA PLATOFF,Donald Trump wants to end birthright citizenship. Ted Cruz supports that. Beto O'Rourke doesn't.,"OCT. 30, 2018",2018-10-30
https://www.texastribune.org/2018/10/25/ken-paxton-tv-ad-against-justin-nelson/,PATRICK SVITEK,"In notable shift, Attorney General Ken Paxton begins TV offensive against Democratic opponent","OCT. 25, 2018",2018-10-25
https://www.texastribune.org/2018/10/30/colin-allred-pete-sessions-north-texas/,ABBY LIVINGSTON,"For both parties, the race between U.S. Rep. Pete Sessions and Colin Allred is bigger than one seat","OCT. 30, 2018",2018-10-30
https://www.texastribune.org/2018/10/26/three-candidates-vie-slot-texas-oil-and-gas-regulatory-agency/,KIAH COLLIER,Three candidates vie for slot on Texas' oil and gas regulatory agency,"OCT. 26, 2018",2018-10-26
https://www.texastribune.org/2018/10/26/hays-county-expands-early-voting-access-texas-state-university-student/,ALEXA URA,Hays County expands early voting access for Texas State University students,"OCT. 26, 2018",2018-10-26
https://www.texastribune.org/2018/10/30/texas-representatives-congress-trump-proposal-end-birthright-citizens/,ANDREW EVERSDEN,Texas Democrats in Congress oppose Trump proposal to end birthright citizenship. Most Republicans have stayed silent.,"OCT. 30, 2018",2018-10-30
https://www.texastribune.org/2018/10/25/trump-administration-send-hundreds-troops-us-mexico-border-reports-say/,EMMA PLATOFF,"Trump administration to send hundreds of troops to the U.S-Mexico border, reports say","OCT. 25, 2018",2018-10-25
https://www.texastribune.org/2018/10/25/waller-county-expands-early-voting-prairie-view-m-students/,MATT ZDUN,Waller County expands early voting for Prairie View A&M students,"OCT. 25, 2018",2018-10-25
https://www.texastribune.org/2018/10/30/texas-state-capitol-offices-evacuated-due-suspicious-package/,MATT ZDUN,"Authorities find ""no viable threat"" after evacuation at the Texas Capitol due to a suspicious package","OCT. 30, 2018",2018-10-30
https://www.texastribune.org/2018/11/01/harris-county-texas-juvenile-judges-private-attorneys/,NEENA SATIJA,Harris County juvenile judges and private attorneys accused of cronyism: “Everybody wins but the kids”,"NOV. 1, 2018",2018-11-01
https://www.texastribune.org/2018/10/29/department-defense-says-its-sending-5200-troops-us-mexico-border/,JULIÁN AGUILAR,"Department of Defense says it's sending 5,200 troops to U.S.-Mexico border","OCT. 29, 2018",2018-10-29
https://www.texastribune.org/2018/11/01/texas-gov-greg-abbott-has-pitched-plan-fix-school-finance/,ALIYYA SWABY,"Behind closed doors, Greg Abbott’s office has pitched a plan to fix Texas school finance","NOV. 1, 2018",2018-11-01
https://www.texastribune.org/2018/10/30/trump-executive-order-end-citizenship-children-born-us-noncitizens/,THE WASHINGTON POST,Trump eyeing executive order to end citizenship for children born in U.S. to noncitizens,"OCT. 30, 2018",2018-10-30
https://www.texastribune.org/2018/10/30/texas-border-lawmakers-troop-deployment/,JULIÁN AGUILAR,Texas' border lawmakers say they're in the dark on troop deployment,"OCT. 30, 2018",2018-10-30
https://www.texastribune.org/2018/10/24/family-separation-federal-agencies-dhs-hhs-unprepared/,TEO ARMUS,"Federal agencies were unprepared to deal with family separations, government report says","OCT. 24, 2018",2018-10-24
https://www.texastribune.org/2018/10/25/cuellar-aide-fired-pregnancy/,THE WASHINGTON POST,Former aide to Texas congressman files complaint saying she was fired over pregnancy,"OCT. 25, 2018",2018-10-25
https://www.texastribune.org/2018/10/25/donald-trump-considering-plan-ban-entry-migrants-southern-border/,THE WASHINGTON POST,"Trump considering plan to ban entry of migrants at southern border, deny asylum","OCT. 25, 2018",2018-10-25
https://www.texastribune.org/2018/10/24/ted-cruz-vs-beto-orourke-reddit-discussion-ama-texas-reporters/,BOBBY BLANCHARD,Five Texas reporters answer questions about the Ted Cruz-Beto O'Rourke race,"OCT. 24, 2018",2018-10-24
https://www.texastribune.org/2018/10/24/family-separation-deterrent-apprehensions-immigration/,TEO ARMUS,"As border crossings surge, some migrants say they came now because family separation is over","OCT. 24, 2018",2018-10-24
https://www.texastribune.org/2018/10/28/austin-water-boil-notice-lifted-after-seven-days/,CARLOS ANCHONDO,Austin lifts city-wide boil water notice,"OCT. 28, 2018",2018-10-28
https://www.texastribune.org/2018/10/31/ted-cruz-beto-orourke-poll-uttyler-texas/,MATT ZDUN,"Ted Cruz’s lead over Beto O’Rourke narrows to 3.6, UT-Tyler poll says","OCT. 31, 2018",2018-10-31
https://www.texastribune.org/2018/10/29/lawyers-charles-schwertner-say-they-have-proof-his-phone-didnt-send-ex/,SHANNON NAJMABADI,Lawyers for state Sen. Charles Schwertner say forensic review proves explicit texts didn't come from his phone,"OCT. 29, 2018",2018-10-29
https://www.texastribune.org/2018/10/24/texas-values-collide-fight-over-houston-dallas-bullet-train/,BRANDON FORMBY,Texas values collide in fight over Houston-Dallas high speed rail,"OCT. 24, 2018",2018-10-24
https://www.texastribune.org/2018/10/31/how-fix-affordable-housing-texas-texans/,ALEX SAMUELS,"How to fix affordable housing in Texas, by Texans","OCT. 31, 2018",2018-10-31
https://www.texastribune.org/2018/10/26/army-corps-texas-officials-propose-hurricane-protection-plan-houston/,KIAH COLLIER,"Army Corps, Texas officials propose sweeping hurricane protection plan","OCT. 26, 2018",2018-10-26
https://www.texastribune.org/2018/10/25/texas-doctors-seek-more-opioid-addiction-treatment-options-under-medic/,MARISSA EVANS,Texas doctors seek more opioid addiction treatment options under Medicaid,"OCT. 25, 2018",2018-10-25
https://www.texastribune.org/2018/10/31/texas-subsidized-child-care/,ALLYSON WALLER,Over a million Texas children could qualify for subsidized child care — but less than 10 percent of them receive it,"OCT. 31, 2018",2018-10-31
https://www.texastribune.org/2018/11/01/14th-amendment-undocumented-immigrants-citizenship-texas/,HANNAH WILEY,Undocumented immigrants say a better life – not children's citizenship – the main reason they come to Texas,"NOV. 1, 2018",2018-11-01
https://www.texastribune.org/2018/10/31/ut-tt-poll-texans-say-immigration-border-security-top-issues/,ROSS RAMSEY,"Texans’ top issues facing the state? Immigration and border security, according to the UT/TT poll","OCT. 31, 2018",2018-10-31
https://www.texastribune.org/2018/10/26/migrant-mother-denied-surgery-scar-ice-detention/,HANNAH WILEY,"After ICE detained this migrant in Texas, her C-section scar ripped open and she was denied surgery for 4 months","OCT. 26, 2018",2018-10-26
https://www.texastribune.org/2018/10/25/uh-and-unt-hsc-given-go-ahead-open-medical-schools/,SHANNON NAJMABADI,Texas higher education board approves medical schools for University of Houston and UNT Health Science Center,"OCT. 25, 2018",2018-10-25
https://www.texastribune.org/2018/10/31/prominent-attorney-tony-buzbee-says-hes-running-houston-mayor/,SHANNON NAJMABADI,"Boisterous attorney, political donor Tony Buzbee says he’s running for Houston mayor in 2019","OCT. 31, 2018",2018-10-31
https://www.texastribune.org/2018/10/30/honduran-migrant-caravan-border-trump-threats/,JAY ROOT,Honduran migrants following the caravan continue on despite Donald Trump’s threats,"OCT. 30, 2018",2018-10-30
https://www.tribtalk.org/2018/10/08/yall-we-need-a-divorce/,Steve Fischer,"Y’all, we need a divorce.","By Steve Fischer,  Oct. 8, 2018",2018-10-08
https://www.tribtalk.org/2018/10/29/let-texas-be-texas-unity-through-federalism/,Chip Roy,Let Texas be Texas: Unity through Federalism,"By Chip Roy,  Oct. 29, 2018",2018-10-29
